{"cameraMode":{"drawMode":0,"name":"Shaded","section":"Shading Mode"},"sceneLighting":true,"audioPlay":false,"sceneViewState":{"showFog":true,"showMaterialUpdate":false,"showSkybox":true,"showFlares":true,"showImageEffects":true,"showParticleSystems":true},"in2DMode":false,"pivot":{"x":-5.888800144195557,"y":10.986478805541993,"z":3.229306221008301},"rotation":{"x":-0.05424469709396362,"y":-0.938761830329895,"z":0.29232141375541689,"w":-0.17416082322597505},"size":21.283451080322267,"orthographic":false}