{"cameraMode":{"drawMode":0,"name":"Shaded","section":"Shading Mode"},"sceneLighting":false,"audioPlay":false,"sceneViewState":{"showFog":true,"showMaterialUpdate":false,"showSkybox":true,"showFlares":true,"showImageEffects":true,"showParticleSystems":true},"in2DMode":false,"pivot":{"x":10.443404197692871,"y":-0.3432760238647461,"z":-7.1534743309021},"rotation":{"x":-0.17079566419124604,"y":0.8060052394866943,"z":-0.27912452816963198,"w":-0.49322816729545596},"size":13.990442276000977,"orthographic":false}