{"cameraMode":{"drawMode":0,"name":"Shaded","section":"Shading Mode"},"sceneLighting":true,"audioPlay":false,"sceneViewState":{"showFog":true,"showMaterialUpdate":false,"showSkybox":true,"showFlares":true,"showImageEffects":true,"showParticleSystems":true},"in2DMode":false,"pivot":{"x":3.0821075439453127,"y":12.11585521697998,"z":22.83216094970703},"rotation":{"x":-0.21723026037216187,"y":-0.5365172028541565,"z":0.14523136615753175,"w":-0.8024140000343323},"size":17.84748077392578,"orthographic":false}