{"cameraMode":{"drawMode":0,"name":"Shaded","section":"Shading Mode"},"sceneLighting":false,"audioPlay":false,"sceneViewState":{"showFog":true,"showMaterialUpdate":false,"showSkybox":true,"showFlares":true,"showImageEffects":true,"showParticleSystems":true},"in2DMode":false,"pivot":{"x":1.5943419933319092,"y":4.097499847412109,"z":-11.673602104187012},"rotation":{"x":-0.1635437309741974,"y":0.6864656805992127,"z":-0.16282162070274354,"w":-0.6895704865455627},"size":41.741111755371097,"orthographic":false}